<?xml version="1.0" encoding="utf-8" ?>
<dwsync>
<file name="BCGBarcode.php" server="Z:/sgs/" local="128825557200000000" remote="128825557200000000" />
<file name="BCGBarcode1D.php" server="Z:/sgs/" local="128825557200000000" remote="128825557200000000" />
<file name="BCGcodabar.barcode.php" server="Z:/sgs/" local="128825557200000000" remote="128825557200000000" />
<file name="BCGcode11.barcode.php" server="Z:/sgs/" local="128825557200000000" remote="128825557200000000" />
<file name="BCGcode128.barcode.php" server="Z:/sgs/" local="128825557200000000" remote="128825557200000000" />
<file name="BCGcode39.barcode.php" server="Z:/sgs/" local="128825557200000000" remote="128825557200000000" />
<file name="BCGcode39extended.barcode.php" server="Z:/sgs/" local="128825557200000000" remote="128825557200000000" />
<file name="BCGcode93.barcode.php" server="Z:/sgs/" local="128825557200000000" remote="128825557200000000" />
<file name="BCGColor.php" server="Z:/sgs/" local="128825557200000000" remote="128825557200000000" />
<file name="BCGDrawing.php" server="Z:/sgs/" local="128825557200000000" remote="128825557200000000" />
<file name="BCGean13.barcode.php" server="Z:/sgs/" local="128825557200000000" remote="128825557200000000" />
<file name="BCGean8.barcode.php" server="Z:/sgs/" local="128825557200000000" remote="128825557200000000" />
<file name="BCGFont.php" server="Z:/sgs/" local="128825557200000000" remote="128825557200000000" />
<file name="BCGi25.barcode.php" server="Z:/sgs/" local="128825557200000000" remote="128825557200000000" />
<file name="BCGisbn.barcode.php" server="Z:/sgs/" local="128825557200000000" remote="128825557200000000" />
<file name="BCGmsi.barcode.php" server="Z:/sgs/" local="128825557200000000" remote="128825557200000000" />
<file name="BCGothercode.barcode.php" server="Z:/sgs/" local="128825557200000000" remote="128825557200000000" />
<file name="BCGpostnet.barcode.php" server="Z:/sgs/" local="128825557200000000" remote="128825557200000000" />
<file name="BCGs25.barcode.php" server="Z:/sgs/" local="128825557200000000" remote="128825557200000000" />
<file name="BCGupca.barcode.php" server="Z:/sgs/" local="128825557800000000" remote="128825557800000000" />
<file name="BCGupce.barcode.php" server="Z:/sgs/" local="128825557800000000" remote="128825557800000000" />
<file name="BCGupcext2.barcode.php" server="Z:/sgs/" local="128825557800000000" remote="128825557800000000" />
<file name="BCGupcext5.barcode.php" server="Z:/sgs/" local="128825557800000000" remote="128825557800000000" />
<file name="JoinDraw.php" server="Z:/sgs/" local="128825557800000000" remote="128825557800000000" />
<file name="LSTable.php" server="Z:/sgs/" local="128825557800000000" remote="128825557800000000" />
<file name="Table_template.php" server="Z:/sgs/" local="128825557800000000" remote="128825557800000000" />
</dwsync>