<?xml version="1.0" encoding="utf-8" ?>
<dwsync>
<file name="admin_solicitudes_cambia_estado.php" server="Z:/sgs/" local="128931975600000000" remote="128931975600000000" />
<file name="admin_solicitudes_update.php" server="Z:/sgs/" local="128823793200000000" remote="128823793200000000" />
<file name="admin_solicitudes_update_resp.php" server="Z:/sgs/" local="128823793200000000" remote="128823793200000000" />
<file name="admin_solicitudes_ver.php" server="Z:/sgs/" local="128968070800000000" remote="128968070800000000" />
<file name="admin_solicitudes_ver_resp.php" server="Z:/sgs/" local="128877346180000000" remote="128877346180000000" />
<file name="cambiar_estado.php" server="Z:/sgs/" local="128823793200000000" remote="128823793200000000" />
<file name="captura_visita.php" server="Z:/sgs/" local="128877345480000000" remote="128877345480000000" />
<file name="contenedor.html" server="Z:/sgs/" local="128823793200000000" remote="128823793200000000" />
<file name="linea_lista.html" server="Z:/sgs/" local="128969814000000000" remote="128969814000000000" />
<file name="lista_admin_solicitudes.php" server="Z:/sgs/" local="128992522280000000" remote="128992522280000000" />
<file name="lista_mis_solicitudes.php" server="Z:/sgs/" local="128841397680000000" remote="128841397680000000" />
<file name="rectificar_solicitudes.php" server="Z:/sgs/" local="128969014580000000" remote="128969014580000000" />
<file name="solicitud_digitada.php" server="Z:/sgs/" local="128981943880000000" remote="128981943880000000" />
<file name="solicitud_web.php" server="Z:/sgs/" local="128970675860000000" remote="128970675860000000" />
</dwsync>